BIRT,BIRT?
ECD,CFT?
ECD,Che?
ECD,Dirigible?
ECD,Orion?
IoT,4DIAC?
IoT,Californium?
IoT,Kura?
IoT,Mihini?
IoT,OM2M?
IoT,Paho?
IoT,Scada?
IoT,Tinydtls?
IoT,Vorto?
Eclipse,Incubator?
Eclipse,JDT?
Eclipse,PDE?
Eclipse,Platform?
Eclipse,e4?
Modeling,AMP?
Modeling,Acceleo?
Modeling,Amalgam?
Modeling,Capra?
Modeling,EATop?
Modeling,ECP?
Modeling,EEF?
Modeling,EFM?
Modeling,EMF?
Modeling,EMF.Diffmerge?
Modeling,EMF.EGF?
Modeling,EMF.Parsley?
Modeling,EMFCompare?
Modeling,EMFStore?
Modeling,EMFT?
Modeling,EMFT.Henshin?
Modeling,EMFT.Refactor?
Modeling,EMFT.b3?
Modeling,EMFT.facet?
Modeling,Ecoretools?
Modeling,Edapt?
Modeling,Epsilon?
Modeling,GMP?
Modeling,Gendoc?
Modeling,Graphiti?
Modeling,M2T?
Modeling,MDHT?
Modeling,MDT?
Modeling,MDT.BPMN2?
Modeling,MDT.MoDisco?
Modeling,MDT.RMF?
Modeling,MDT.UML2?
Modeling,MDT.XSD?
Modeling,MMT?
Modeling,MMT.ATL?
Modeling,Modeling?
Modeling,OCL?
Modeling,Papyrus?
Modeling,QVTd?
Modeling,QVTo?
Modeling,Sirius?
Modeling,Sphinx?
Modeling,TMF?
Modeling,UMLGen?
Modeling,Viatra?
Modeling,eTrice?
Mylyn,Mylyn?
RT,Apricot?
RT,ECF?
RT,ERCP?
RT,EclipseLink?
RT,Equinox?
RT,Gemini?
RT,Gemini.Blueprint?
RT,Gemini.JPA?
RT,Gemini.Management?
RT,Gemini.Naming?
RT,Gemini.Web?
RT,Gyrex?
RT,Jetty?
RT,RAP?
RT,Riena?
RT,Smila?
RT,Vertx?
RT,Virgo?
SOA,BPEL?
SOA,BPMN2Modeler?
SOA,JWT?
SOA,Mangrove?
SOA,Stardust?
Technology,ACTF?
Technology,App4mc?
Technology,Babel?
Technology,CBI?
Technology,DLTK?
Technology,Dash?
Technology,EGit?
Technology,EPF?
Technology,EPP?
Technology,Ease?
Technology,Eclemma?
Technology,Efxclipse?
Technology,Egerrit?
Technology,Flux?
Technology,GEF3D?
Technology,Handly?
Technology,Hudson?
Technology,JGit?
Technology,Jubula?
Technology,Lyo?
Technology,MDMWeb?
Technology,MPC?
Technology,NatTable?
Technology,Nebula?
Technology,OGEE?
Technology,OSEE?
Technology,RCPTT?
Technology,RTP?
Technology,RTSC?
Technology,Recommenders?
Technology,Recommenders.Incubator?
Technology,Remus?
Technology,STEM?
Technology,SWTBot?
Technology,Sapphire?
Technology,Scout?
Technology,Sisu?
Technology,Skalli?
Technology,Subversive?
Technology,Tigerstripe?
Technology,Tm4e?
Technology,Tycho?
Technology,UOMo?
Technology,USSSDK?
Technology,VTP?
Technology,Woolsey?
Technology,XWT?
Technology,lsp4e?
Technology,m2e?
Tools,AJDT?
Tools,ATF?
Tools,AspectJ?
Tools,Buckminster?
Tools,Buildship?
Tools,CDT?
Tools,GEF?
Tools,LDT?
Tools,MAT?
Tools,MTJ?
Tools,Objectteams?
Tools,Oomph?
Tools,Orbit?
Tools,PDT?
Tools,PTP?
Tools,TCF?
Tools,Thym?
Tools,Titan?
Tools,Tools?
Tools,Tracecompass?
Tools,WindowBuilder?
Tools,Xtend?
Tools,andmore?
WebTools,JSDT?
WebTools,Libra?
Science,Chemclipse?
Science,Ice?
